"Turbine_ID","Inspection_in_last_6 Months","Minor_Component_Failure_Last_6_months","Major_Component _Failure_Last_6_months","Proactive_Part_Replacement_Last_6_months","Inspection_Last_3_months","Proactive_Asset_Replacement_Last_3 months","Month_recorded","Section","Zone","Previous_Over_current_Trips","Lubrication_Type","New_Seal","Planned_shutdowns","Average_RPM","Asset_Age_Score","Average_Vibration_Score","Torque_rating","Bearing_Weight_Score","Insulation_Rating","Fatigue_Score","Temperature_Class_One_Week_Before","Average_Pressure_Score","Failure_score"
"39","0","0","0","0","0","0","09.Sep","64","E","0","0","0","0","631","0","6","0","0","2","0.00","4. Hot  (20c and over)","16.230769","0.098485"
"48","0","1","0","0","0","0","04.Apr","78","E","4","0","6","9","6123","611","1221","16","146","130","15.779734","4. Hot  (20c and over)","12.00","0.842105"
"49","0","2","1","0","0","0","06.Jun","78","E","5","0","9","17","6123","611","1221","29","146","130","15.779734","1. Cold (under 7c)","11.153846","0.842105"
"63","0","0","0","0","0","0","07.Jul","97","N","0","0","1","2","58","0","0","3","0","0","0.00","2. Cool ( 7c - 14c)","26.923077","0.098485"
"71","0","0","0","0","0","0","12.Dec","113","N","0","0","1","2","1364","0","19","3","0","19","0.00","1. Cold (under 7c)","29.692308","0.098485"
"78","0","0","0","0","0","0","01.Jan","124","W","0","0","0","0","410","30","50","0","3","11","0.00","1. Cold (under 7c)","37.923077","0.098485"
"92","0","0","0","0","0","0","08.Aug","150","W","0","0","0","0","1858","67","80","0","15","48","0.00","1. Cold (under 7c)","26.307692","0.30"
"98","0","0","1","0","1","0","05.May","156","N","0","0","2","6","1517","71","82","10","7","28","7.937254","4. Hot  (20c and over)","13.230769","0.0625"
"120","0","0","0","0","1","0","01.Jan","184","N","0","0","0","0","2245","56","224","1","9","47","4.795832","1. Cold (under 7c)","42.692308","0.20"
"130","0","0","0","0","0","0","04.Apr","192","W","0","0","1","3","3878","56","206","4","4","69","5.744563","1. Cold (under 7c)","31.538462","0.129032"
"137","0","0","0","0","0","0","11.Nov","205","W","0","0","1","2","602","0","12","3","0","4","0.00","1. Cold (under 7c)","29.230769","0.098485"
"143","0","1","0","0","2","0","02.Feb","211","N","1","0","2","1","5141","166","345","6","70","72","12.806248","1. Cold (under 7c)","14.769231","0.611429"
"146","0","0","0","0","0","0","06.Jun","217","N","0","0","1","1","1079","76","118","2","0","28","0.00","1. Cold (under 7c)","17.384615","0.111111"
"150","0","0","0","0","0","0","05.May","222","N","0","0","0","0","1612","5","68","0","0","41","0.00","4. Hot  (20c and over)","13.230769","0.098485"
"153","0","0","0","0","0","0","07.Jul","225","N","0","0","0","0","0","0","0","0","0","0","0.00","1. Cold (under 7c)","17.384615","0.098485"
"168","0","0","0","0","0","0","03.Mar","244","N","0","0","0","0","608","0","75","0","5","8","0.00","4. Hot  (20c and over)","23.769231","0.098485"
"177","0","0","0","0","0","0","12.Dec","255","W","0","0","1","1","322","10","16","2","2","2","0.00","1. Cold (under 7c)","26.923077","0.098485"
"178","0","0","0","0","0","0","11.Nov","258","W","0","0","0","0","1468","87","154","0","30","41","0.00","1. Cold (under 7c)","29.230769","0.047619"
"185","0","0","0","0","0","0","03.Mar","264","W","0","0","0","0","3732","58","294","0","13","52","0.00","4. Hot  (20c and over)","23.769231","0.409091"
"186","0","0","0","0","0","0","05.May","265","W","0","0","0","0","1221","30","37","0","1","16","0.00","3. (Warm 15c- 19c)","14.00","0.098485"
"189","0","0","0","0","0","0","03.Mar","268","N","1","0","0","3","2958","186","385","3","15","61","7.416198","1. Cold (under 7c)","31.461538","0.611429"
"197","0","0","0","0","0","0","05.May","278","N","0","0","0","2","2476","26","222","2","23","41","10.630146","3. (Warm 15c- 19c)","29.076923","0.80"
"207","0","0","0","0","0","0","07.Jul","297","W","2","0","0","0","2713","248","270","0","27","59","11.489125","1. Cold (under 7c)","19.923077","0.611429"
"233","0","0","0","0","0","0","12.Dec","334","W","0","0","0","4","2074","115","170","4","15","28","0.00","1. Cold (under 7c)","26.923077","0.833333"
"247","1","1","0","0","0","0","10.Oct","352","N","0","0","0","7","3977","108","310","8","8","68","9.899495","1. Cold (under 7c)","11.846154","0.80"
"264","0","0","0","0","0","0","07.Jul","360","N","3","0","1","5","6201","389","798","6","215","120","19.467922","1. Cold (under 7c)","17.384615","0.916667"
"267","0","0","0","0","0","0","01.Jan","361","N","1","0","0","1","2960","134","225","1","16","57","10.535654","1. Cold (under 7c)","42.692308","0.611429"
"274","0","0","0","0","0","0","05.May","375","W","1","0","0","2","4202","253","469","2","46","71","2.645751","3. (Warm 15c- 19c)","14.00","0.425"
"295","0","3","1","0","0","0","08.Aug","396","N","3","0","5","16","6600","581","790","26","50","115","23.727621","2. Cool ( 7c - 14c)","28.769231","0.916667"
"311","0","0","0","0","0","0","06.Jun","409","W","1","0","2","5","4410","395","523","7","91","61","1.414214","1. Cold (under 7c)","20.846154","0.611111"
"337","0","0","0","0","0","0","10.Oct","437","N","0","0","1","0","644","0","7","1","0","5","0.00","4. Hot  (20c and over)","26.461538","0.098485"
"341","0","0","0","0","2","0","02.Feb","440","N","0","0","1","3","1894","100","226","6","17","38","8.602325","1. Cold (under 7c)","14.769231","0.75"
"356","0","0","0","0","0","0","11.Nov","455","W","1","0","1","1","1419","90","165","2","34","31","0.00","1. Cold (under 7c)","29.230769","0.125"
"366","0","0","0","0","0","0","02.Feb","467","W","1","0","0","0","4041","82","193","0","8","26","8.185353","1. Cold (under 7c)","31.461538","0.611429"
"368","0","0","0","0","0","0","10.Oct","468","W","1","0","0","1","2598","249","274","1","16","32","2.236068","4. Hot  (20c and over)","26.461538","0.425"
"415","0","0","0","0","0","0","12.Dec","519","W","0","0","0","0","1399","102","107","0","38","10","0.00","1. Cold (under 7c)","26.923077","0.087912"
"421","0","0","0","0","0","0","07.Jul","523","W","1","0","0","3","4837","350","374","3","30","60","8.717798","2. Cool ( 7c - 14c)","24.307692","0.611429"
"424","0","0","0","0","0","0","08.Aug","528","W","1","0","0","0","6522","37","203","0","1","87","5.91608","1. Cold (under 7c)","26.307692","0.125"
"439","0","0","0","0","0","0","07.Jul","543","N","0","0","0","0","1510","105","122","0","1","19","9.591663","1. Cold (under 7c)","19.923077","0.75"
"449","0","0","1","0","3","0","02.Feb","558","W","0","0","4","12","2938","35","175","20","21","60","0.00","1. Cold (under 7c)","31.461538","0.153846"
"459","0","0","1","0","0","0","07.Jul","568","W","0","0","2","5","4191","130","166","8","50","46","0.00","2. Cool ( 7c - 14c)","24.307692","0.055556"
"482","0","0","0","0","0","0","07.Jul","600","N","0","0","0","0","5079","0","357","0","41","94","0.00","1. Cold (under 7c)","17.384615","0.098485"
"490","0","1","0","0","0","0","05.May","610","W","2","1","2","6","5008","269","496","9","80","90","14.142136","3. (Warm 15c- 19c)","14.00","0.611429"
"519","0","0","0","0","0","0","06.Jun","644","N","0","0","0","1","1295","0","216","1","13","22","0.00","1. Cold (under 7c)","20.846154","0.098485"
"523","0","0","0","0","0","0","05.May","653","N","0","0","1","2","3560","139","464","3","27","67","9.219544","3. (Warm 15c- 19c)","29.076923","0.80"
"531","0","0","0","0","0","0","07.Jul","662","N","0","0","1","1","2711","113","378","2","0","43","0.00","2. Cool ( 7c - 14c)","23.00","0.20"
"532","0","0","0","0","0","0","08.Aug","663","N","0","0","2","6","1827","0","162","8","0","34","0.00","1. Cold (under 7c)","24.923077","0.098485"
"537","0","0","0","0","0","0","04.Apr","671","W","0","0","0","1","1760","75","114","1","27","21","0.00","4. Hot  (20c and over)","15.692308","0.087912"
"542","0","0","0","0","0","0","07.Jul","677","W","2","0","1","2","3561","274","362","3","117","57","14.21267","1. Cold (under 7c)","19.923077","0.611429"
"555","0","0","0","0","0","0","12.Dec","691","W","0","0","0","0","982","22","86","0","10","18","0.00","1. Cold (under 7c)","26.923077","0.098485"
"561","0","0","0","0","0","0","05.May","700","W","0","0","0","0","3842","115","369","0","26","95","9.165151","3. (Warm 15c- 19c)","29.076923","0.80"
"565","0","0","0","0","0","0","03.Mar","705","W","0","0","1","2","2145","120","282","3","17","52","0.00","4. Hot  (20c and over)","23.769231","0.409091"
"568","0","0","0","0","0","0","08.Aug","709","N","1","0","0","2","4954","176","633","2","13","101","12.083046","2. Cool ( 7c - 14c)","25.769231","0.611429"
"578","0","0","0","0","0","0","02.Feb","732","N","0","0","0","1","3260","0","211","1","6","54","0.00","1. Cold (under 7c)","14.769231","0.098485"
"583","0","0","0","0","0","0","10.Oct","736","N","3","2","0","2","5056","94","279","2","5","60","0.00","1. Cold (under 7c)","17.384615","0.666667"
"586","0","0","0","0","0","0","04.Apr","742","W","0","0","0","1","1561","28","49","1","21","8","0.00","4. Hot  (20c and over)","15.692308","0.098485"
"610","0","0","0","0","0","0","12.Dec","773","W","0","0","3","3","2262","114","216","6","31","36","0.00","1. Cold (under 7c)","26.923077","0.176471"
"611","0","0","0","0","0","0","11.Nov","774","W","0","0","0","5","2506","0","123","5","0","61","0.00","1. Cold (under 7c)","29.230769","0.098485"
"648","0","0","0","0","0","0","04.Apr","833","W","1","0","0","2","6018","207","637","2","40","140","1.00","1. Cold (under 7c)","31.538462","0.425"
"652","0","0","0","0","0","0","01.Jan","836","W","2","0","1","1","6161","223","339","2","75","88","14.59452","1. Cold (under 7c)","37.923077","0.611429"
"662","0","0","0","0","0","0","07.Jul","847","W","3","0","1","3","4960","156","335","4","29","102","12.041595","1. Cold (under 7c)","19.923077","0.611429"
"678","0","0","0","0","0","0","05.May","864","N","5","1","2","4","4621","559","699","6","52","90","20.049938","3. (Warm 15c- 19c)","14.00","0.916667"
"703","0","0","0","0","0","0","03.Mar","896","N","0","0","1","2","4041","43","383","3","15","85","0.00","4. Hot  (20c and over)","23.769231","0.409091"
"721","0","0","0","0","0","0","06.Jun","925","W","0","1","0","0","3675","130","592","0","28","88","10.198039","1. Cold (under 7c)","20.846154","0.142857"
"728","0","0","0","0","1","0","04.Apr","935","N","2","0","3","8","4328","442","588","15","198","69","0.00","4. Hot  (20c and over)","15.692308","0.84"
"736","0","0","1","0","1","0","04.Apr","946","N","3","0","3","6","6532","482","508","11","7","71","21.047565","4. Hot  (20c and over)","15.692308","0.916667"
"738","0","1","0","0","0","0","07.Jul","948","N","1","0","1","9","5973","342","599","11","28","75","15.033296","2. Cool ( 7c - 14c)","24.307692","0.611429"
"742","0","0","0","0","0","0","06.Jun","956","N","0","0","0","0","1389","10","84","0","0","12","2.44949","1. Cold (under 7c)","18.076923","0.098485"
"748","0","0","0","0","0","0","10.Oct","963","N","1","0","0","0","4815","435","572","0","56","70","11.661904","4. Hot  (20c and over)","26.461538","0.611429"
"753","0","0","1","0","0","0","02.Feb","972","N","0","0","0","0","663","37","57","1","0","9","0.00","1. Cold (under 7c)","34.923077","0.087912"
"769","0","0","0","0","0","0","10.Oct","997","N","0","0","0","0","3520","64","100","0","6","52","0.00","1. Cold (under 7c)","11.846154","0.029412"
"793","0","0","0","0","0","0","09.Sep","1025","N","0","0","0","0","4918","220","561","0","39","50","0.00","3. (Warm 15c- 19c)","17.769231","0.183673"
"803","0","0","0","0","0","0","08.Aug","1039","N","1","1","0","1","2261","173","416","1","60","43","10.00","1. Cold (under 7c)","25.076923","0.611429"
"813","0","0","0","0","0","0","09.Sep","1047","N","3","2","1","1","4755","296","569","2","78","83","7.615773","4. Hot  (20c and over)","22.076923","0.611429"
"817","0","0","0","0","0","0","11.Nov","1053","W","0","0","0","0","3848","39","400","0","14","66","0.00","1. Cold (under 7c)","29.230769","0.047619"
"819","0","0","0","0","0","0","07.Jul","1055","W","0","0","0","2","2524","41","169","2","7","50","4.00","1. Cold (under 7c)","19.923077","0.055556"
"824","0","0","0","0","0","0","01.Jan","1068","W","0","0","0","0","2334","102","165","0","39","31","0.00","2. Cool ( 7c - 14c)","22.538462","0.214286"
"831","0","0","0","0","0","0","04.Apr","1074","N","2","0","1","7","4846","8","479","8","102","100","5.744563","4. Hot  (20c and over)","15.692308","0.84"
"833","0","0","0","0","1","0","01.Jan","1076","N","1","0","0","3","6435","660","921","4","16","93","23.259407","2. Cool ( 7c - 14c)","22.538462","0.916667"
"851","0","0","0","0","0","0","02.Feb","1100","N","1","0","0","1","5061","133","362","1","32","38","6.78233","1. Cold (under 7c)","16.846154","0.875"
"852","0","0","0","0","0","0","12.Dec","1101","N","1","0","0","0","5061","284","571","0","28","31","0.00","1. Cold (under 7c)","26.923077","0.875"
"870","0","0","0","0","0","0","01.Jan","1125","W","0","0","2","1","2046","97","235","3","26","44","0.00","2. Cool ( 7c - 14c)","22.538462","0.214286"
"880","2","0","0","0","1","0","05.May","1140","W","0","0","4","4","11641","95","170","9","21","70","8.544004","3. (Warm 15c- 19c)","29.076923","0.842105"
"883","0","0","0","0","0","0","01.Jan","1142","N","0","0","0","0","2392","45","354","0","7","41","1.00","2. Cool ( 7c - 14c)","22.538462","0.20"
"894","0","0","0","0","0","0","04.Apr","1156","N","2","0","3","7","4141","422","721","10","46","86","13.152946","4. Hot  (20c and over)","15.692308","0.842105"
"920","0","0","0","0","0","0","06.Jun","1187","W","0","0","0","0","1504","32","147","0","10","32","0.00","1. Cold (under 7c)","18.076923","0.098485"
"928","0","0","0","0","0","0","04.Apr","1202","W","2","0","1","3","5898","59","547","4","28","108","7.00","1. Cold (under 7c)","31.538462","0.045455"
"929","0","0","0","0","0","0","02.Feb","1204","W","0","0","0","0","6608","315","587","0","118","102","0.00","1. Cold (under 7c)","31.461538","0.166667"
"930","0","0","0","0","0","0","05.May","1206","W","0","0","0","0","1929","0","21","0","4","24","0.00","3. (Warm 15c- 19c)","29.076923","0.098485"
"933","0","0","0","0","0","0","08.Aug","1210","W","0","0","0","1","745","1","46","1","6","9","0.00","2. Cool ( 7c - 14c)","25.769231","0.098485"
"949","0","0","0","0","0","0","09.Sep","1231","N","0","1","1","1","3392","311","323","2","59","36","1.414214","3. (Warm 15c- 19c)","31.769231","0.183673"
"958","0","0","0","0","0","0","01.Jan","1241","W","1","0","0","0","5922","96","354","0","26","142","1.00","1. Cold (under 7c)","42.692308","0.045455"
"962","0","0","0","0","0","0","09.Sep","1248","N","0","0","0","0","1134","3","8","0","0","13","0.00","4. Hot  (20c and over)","22.076923","0.098485"
"967","0","0","0","0","0","0","09.Sep","1263","W","0","0","0","0","1046","68","85","0","17","19","0.00","4. Hot  (20c and over)","12.538462","0.087912"
"969","0","0","0","0","0","0","06.Jun","1265","W","1","0","0","0","1813","126","178","0","48","50","0.00","1. Cold (under 7c)","9.846154","0.425"
"1003","0","0","0","0","0","0","06.Jun","1305","W","0","0","1","1","5595","316","351","2","56","71","0.00","2. Cool ( 7c - 14c)","9.538462","0.111111"
"1014","0","0","0","0","0","0","08.Aug","1318","W","0","0","1","4","3806","177","458","5","100","120","0.00","1. Cold (under 7c)","14.846154","0.30"
"1020","0","0","0","0","0","0","04.Apr","1325","S","0","0","0","0","125","11","16","0","0","5","0.00","1. Cold (under 7c)","14.230769","0.098485"
"1028","0","0","0","0","0","0","08.Aug","1337","W","0","0","0","0","706","52","100","0","14","9","0.00","1. Cold (under 7c)","15.153846","0.087912"
"1033","0","0","0","0","0","0","01.Jan","1343","W","0","0","1","2","2204","78","406","3","32","36","0.00","1. Cold (under 7c)","26.307692","0.214286"
"1038","0","0","0","0","1","0","01.Jan","1353","W","1","0","1","2","4074","357","727","4","108","88","15.748016","1. Cold (under 7c)","26.307692","0.611429"
"1046","0","1","0","0","1","0","11.Nov","1361","W","0","0","0","2","6242","223","533","4","71","101","6.164414","1. Cold (under 7c)","19.538462","0.047619"
"1057","0","0","0","0","0","0","04.Apr","1375","W","0","0","0","1","6351","289","558","1","109","120","6.557439","4. Hot  (20c and over)","8.692308","0.129032"
"1073","0","0","0","0","0","0","07.Jul","1403","W","0","0","0","0","5440","321","610","0","50","89","0.00","2. Cool ( 7c - 14c)","15.692308","0.055556"
"1077","0","0","0","0","0","0","07.Jul","1408","W","2","2","1","3","6645","231","603","4","85","135","11.401754","2. Cool ( 7c - 14c)","15.692308","0.611429"
"1094","0","0","0","0","0","0","07.Jul","1428","W","0","0","2","2","3012","113","446","4","45","79","1.414214","2. Cool ( 7c - 14c)","8.769231","0.055556"
"1096","0","0","0","0","0","0","08.Aug","1430","W","1","0","0","1","4101","208","556","1","96","102","11.489125","1. Cold (under 7c)","15.153846","0.611429"
"1106","0","0","0","0","0","0","02.Feb","1439","W","1","0","1","1","4195","184","475","2","9","89","12.529964","2. Cool ( 7c - 14c)","20.923077","0.611429"
"1136","0","0","0","0","0","0","07.Jul","1477","W","0","0","0","0","1863","33","85","0","1","27","4.898979","2. Cool ( 7c - 14c)","8.769231","0.055556"
"1155","0","0","0","0","0","0","07.Jul","1513","N","0","0","1","0","1014","28","89","1","0","12","0.00","2. Cool ( 7c - 14c)","9.923077","0.098485"
"1177","0","0","0","0","0","0","06.Jun","1541","W","0","0","0","1","7792","132","629","1","18","154","9.69536","1. Cold (under 7c)","9.846154","0.05"
"1178","0","0","0","0","0","0","08.Aug","1543","W","1","0","0","1","7921","112","573","1","23","182","0.00","2. Cool ( 7c - 14c)","17.230769","0.425"
"1183","0","0","0","0","0","0","06.Jun","1549","W","0","0","0","0","4227","136","452","0","51","70","11.7047","2. Cool ( 7c - 14c)","9.538462","0.142857"
"1236","0","0","0","0","0","0","03.Mar","1617","W","0","0","2","3","4240","251","465","5","85","73","0.00","4. Hot  (20c and over)","15.230769","0.409091"
"1238","0","0","0","0","0","0","02.Feb","1623","W","0","0","0","0","1315","21","48","0","11","15","0.00","2. Cool ( 7c - 14c)","7.384615","0.098485"
"1244","0","0","0","0","0","0","09.Sep","1632","W","0","0","0","1","3817","48","284","1","17","46","0.00","3. (Warm 15c- 19c)","20.615385","0.183673"
"1251","0","0","0","0","0","0","10.Oct","1645","W","0","0","1","1","7110","188","710","2","110","120","0.00","2. Cool ( 7c - 14c)","7.153846","0.029412"
"1254","0","0","0","0","1","0","01.Jan","1649","W","0","1","1","6","4183","173","297","8","60","57","0.00","1. Cold (under 7c)","26.846154","0.214286"
"1259","0","0","0","0","0","0","04.Apr","1657","W","0","0","0","0","1458","18","34","0","0","16","0.00","1. Cold (under 7c)","14.307692","0.098485"
"1260","0","0","0","0","0","0","01.Jan","1659","N","0","0","0","0","530","5","19","0","0","7","0.00","1. Cold (under 7c)","26.846154","0.098485"
"1270","0","0","0","0","0","0","10.Oct","1673","W","0","0","0","4","5210","58","277","4","29","97","5.477226","4. Hot  (20c and over)","18.692308","0.029412"
"1278","0","0","0","0","0","0","03.Mar","1681","W","0","0","0","1","5871","140","529","1","43","110","9.110434","2. Cool ( 7c - 14c)","12.307692","0.05"
"1286","0","0","0","0","0","0","04.Apr","1694","W","3","0","0","2","5537","319","623","2","11","95","16.340135","1. Cold (under 7c)","14.230769","0.611429"
"1308","0","0","0","0","0","0","02.Feb","1728","W","0","1","0","1","4465","151","610","1","75","102","0.00","2. Cool ( 7c - 14c)","20.923077","0.166667"
"1314","0","0","0","0","0","0","03.Mar","1740","W","0","0","1","1","1866","36","202","2","42","38","0.00","4. Hot  (20c and over)","15.230769","0.409091"
"1315","0","0","0","0","0","0","08.Aug","1741","W","1","0","0","2","5555","213","733","2","92","139","8.774964","1. Cold (under 7c)","15.153846","0.611429"
"1335","0","1","0","0","1","0","05.May","1781","S","1","0","2","3","1190","45","198","8","52","37","5.656854","4. Hot  (20c and over)","6.153846","0.727273"
"1339","0","0","0","0","0","0","01.Jan","1790","W","1","1","0","0","4389","107","633","0","45","102","8.3666","1. Cold (under 7c)","26.307692","0.611429"
"1340","0","0","0","0","0","0","02.Feb","1791","W","0","1","0","1","2828","195","348","1","77","32","10.630146","2. Cool ( 7c - 14c)","20.923077","0.20"
"1351","0","0","0","0","0","0","08.Aug","1806","W","0","0","0","1","6228","0","86","1","0","99","0.00","1. Cold (under 7c)","15.153846","0.098485"
"1365","0","0","0","0","0","0","09.Sep","1821","W","0","0","0","1","7827","604","822","1","91","129","1.732051","4. Hot  (20c and over)","12.538462","0.75"
"1415","0","0","0","0","0","0","12.Dec","1885","W","0","0","1","1","7346","10","160","2","2","128","1.414214","1. Cold (under 7c)","18.00","0.098485"
"1443","0","0","0","0","0","0","09.Sep","1913","N","0","1","0","0","7936","178","373","0","11","120","1.732051","4. Hot  (20c and over)","12.923077","0.183673"
"1458","0","0","0","0","0","0","02.Feb","1929","N","0","0","0","0","1743","0","1","0","0","8","0.00","2. Cool ( 7c - 14c)","10.538462","0.098485"
"1473","0","0","0","0","0","0","02.Feb","1947","W","0","0","1","2","3551","411","541","3","191","57","0.00","2. Cool ( 7c - 14c)","7.384615","0.05"
"1482","0","67","1","0","0","0","10.Oct","1964","W","0","0","1","4","9785","1024","1178","73","132","192","27.676705","2. Cool ( 7c - 14c)","7.153846","0.916667"
"1502","0","0","0","0","0","0","06.Jun","1988","N","0","0","0","0","3442","0","171","0","0","58","0.00","1. Cold (under 7c)","11.384615","0.098485"
"1509","0","0","0","0","2","0","08.Aug","1995","N","3","0","1","11","8922","266","611","15","38","118","13.674794","1. Cold (under 7c)","14.846154","0.611429"
"1516","0","2","0","0","0","0","07.Jul","1997","N","2","0","3","8","10034","621","1070","13","91","169","20.223748","3. (Warm 15c- 19c)","15.923077","0.916667"
"1521","0","0","0","0","0","0","01.Jan","1999","N","10","0","0","5","8114","382","896","5","37","153","16.155494","2. Cool ( 7c - 14c)","13.230769","0.611429"
"1532","0","0","0","0","0","0","03.Mar","2004","N","0","0","3","2","8199","274","541","5","33","123","0.00","4. Hot  (20c and over)","16.384615","0.409091"
"1597","0","0","0","0","0","0","05.May","2091","W","0","0","0","2","5998","12","351","2","11","121","0.00","4. Hot  (20c and over)","7.615385","0.098485"
"1652","0","0","0","0","0","0","02.Feb","2162","W","2","0","0","0","5711","507","666","0","59","130","19.157244","2. Cool ( 7c - 14c)","7.384615","0.916667"
"1663","0","2","0","0","0","0","12.Dec","2169","W","2","0","1","9","9243","1349","1480","13","155","206","32.619013","1. Cold (under 7c)","18.00","0.916667"
"1667","0","0","0","0","1","0","05.May","2175","W","3","0","4","5","6322","436","657","10","140","100","12.124356","4. Hot  (20c and over)","12.923077","0.842105"
"1684","0","0","0","0","0","0","12.Dec","2205","S","2","0","3","5","6057","523","618","8","318","94","12.041595","1. Cold (under 7c)","18.00","0.842105"
"1689","0","1","1","1","0","0","09.Sep","2207","S","1","0","6","9","10437","720","930","17","340","191","27.00","4. Hot  (20c and over)","12.538462","0.916667"
"1690","0","0","0","0","0","0","01.Jan","2208","S","0","0","0","0","5065","266","440","0","140","98","9.165151","2. Cool ( 7c - 14c)","13.307692","0.80"
"1694","0","3","0","0","2","0","05.May","2209","S","5","0","3","7","9355","830","952","16","376","141","21.794495","4. Hot  (20c and over)","6.153846","0.916667"
"1702","0","0","0","0","0","0","05.May","2217","S","0","0","0","0","520","0","0","0","0","5","0.00","4. Hot  (20c and over)","6.153846","0.098485"
"1705","0","0","0","0","0","0","03.Mar","2220","S","1","0","0","0","3896","256","435","0","148","75","11.269428","2. Cool ( 7c - 14c)","12.307692","0.611429"
"1711","0","0","0","0","0","0","04.Apr","2226","W","0","3","0","0","4238","214","490","0","107","91","11.83216","1. Cold (under 7c)","14.230769","0.142857"
"1715","0","0","0","0","0","0","02.Feb","2230","W","0","1","0","0","2655","74","283","0","39","36","8.42615","2. Cool ( 7c - 14c)","20.923077","0.20"
"1716","0","0","0","0","0","0","09.Sep","2232","W","0","0","1","1","2745","148","356","2","48","42","0.00","4. Hot  (20c and over)","12.538462","0.183673"
"1733","0","0","0","0","0","0","09.Sep","2266","N","1","2","0","0","4737","1","411","0","9","94","0.00","4. Hot  (20c and over)","12.923077","0.045455"
"1736","0","0","0","0","0","0","04.Apr","2272","N","0","0","1","0","1066","22","74","1","0","22","0.00","1. Cold (under 7c)","14.307692","0.098485"
"1737","0","0","0","0","0","0","05.May","2274","N","0","0","0","0","1701","14","58","0","0","13","0.00","4. Hot  (20c and over)","13.307692","0.098485"
"1760","0","2","0","0","0","0","10.Oct","2288","S","9","0","4","18","11545","1195","1285","24","645","190","33.674916","2. Cool ( 7c - 14c)","7.153846","0.916667"
"1767","0","1","0","0","0","0","09.Sep","2292","S","0","0","1","6","7385","356","599","8","83","112","15.491933","3. (Warm 15c- 19c)","20.615385","0.80"
"1773","0","0","0","0","0","0","11.Nov","2298","S","0","0","0","0","3191","7","143","0","0","42","0.00","1. Cold (under 7c)","19.538462","0.098485"
"1775","0","0","0","0","0","0","03.Mar","2300","S","0","0","0","0","138","0","0","0","0","0","0.00","4. Hot  (20c and over)","15.230769","0.098485"
"1781","0","0","0","0","1","0","07.Jul","2310","W","1","0","1","8","5650","394","580","10","242","89","13.747727","2. Cool ( 7c - 14c)","8.769231","0.611429"
"1804","0","0","0","0","0","0","09.Sep","2350","N","0","0","0","0","1079","4","28","0","0","17","0.00","4. Hot  (20c and over)","12.923077","0.098485"
"1815","0","0","0","0","0","0","09.Sep","2366","S","0","0","0","0","3834","21","51","0","10","43","4.582576","3. (Warm 15c- 19c)","20.615385","0.098485"
"1818","0","0","0","0","0","0","10.Oct","2369","S","0","0","2","3","7800","0","510","5","0","232","0.00","2. Cool ( 7c - 14c)","7.153846","0.098485"
"1868","0","1","0","0","0","0","08.Aug","2439","S","0","0","1","2","5675","38","404","4","24","131","4.795832","2. Cool ( 7c - 14c)","17.230769","0.30"
"1869","0","0","0","0","0","0","12.Dec","2440","S","0","0","0","0","5510","0","346","0","0","75","0.00","1. Cold (under 7c)","18.00","0.098485"
"1884","0","0","0","0","1","0","03.Mar","2459","W","2","0","2","4","6224","166","329","7","46","110","11.445523","2. Cool ( 7c - 14c)","12.307692","0.611429"
"1901","0","0","0","0","0","0","05.May","2480","N","0","1","0","0","2285","87","214","0","0","47","0.00","4. Hot  (20c and over)","7.615385","0.4375"
"1910","0","0","1","0","0","0","07.Jul","2489","N","0","0","0","0","264","13","17","1","0","5","0.00","3. (Warm 15c- 19c)","15.923077","0.098485"
"1913","0","0","0","0","0","0","04.Apr","2493","N","0","0","3","3","2719","37","121","6","12","58","0.00","2. Cool ( 7c - 14c)","14.615385","0.129032"
"1922","0","0","0","0","0","0","03.Mar","2502","S","0","0","0","0","2387","59","174","0","49","45","7.141428","2. Cool ( 7c - 14c)","12.307692","0.111111"
"1943","0","0","0","0","0","0","05.May","2531","W","0","0","0","0","1149","0","37","0","0","21","0.00","4. Hot  (20c and over)","6.153846","0.098485"
"1963","0","0","0","0","0","0","10.Oct","2570","S","0","1","3","5","4277","116","256","8","61","68","1.732051","2. Cool ( 7c - 14c)","7.153846","0.029412"
"1965","0","0","0","0","1","0","04.Apr","2574","S","0","0","0","1","1995","0","157","2","0","23","0.00","4. Hot  (20c and over)","6.923077","0.098485"
"1968","0","0","0","0","0","0","08.Aug","2579","W","0","0","1","1","1489","136","147","2","68","22","1.414214","2. Cool ( 7c - 14c)","17.230769","0.087912"
"1973","0","0","0","0","0","0","07.Jul","2583","W","3","0","3","7","4399","256","432","11","110","82","0.00","2. Cool ( 7c - 14c)","15.692308","0.84"
"1975","0","0","0","0","0","0","05.May","2589","W","0","0","0","3","2734","69","186","3","35","55","0.00","4. Hot  (20c and over)","13.307692","0.076923"
"1992","0","0","0","0","0","0","02.Feb","2613","S","0","0","2","5","7461","456","625","7","246","132","19.052559","2. Cool ( 7c - 14c)","20.923077","0.916667"
"1994","0","1","0","0","1","0","07.Jul","2614","S","0","1","1","3","3881","178","411","6","76","53","1.414214","2. Cool ( 7c - 14c)","8.769231","0.083333"
"1996","0","0","0","0","0","0","10.Oct","2615","S","0","0","0","0","3102","118","223","0","71","58","1.00","4. Hot  (20c and over)","18.692308","0.029412"
"2008","0","0","0","0","0","0","10.Oct","2644","W","0","0","0","1","5218","0","263","1","0","117","0.00","4. Hot  (20c and over)","18.076923","0.098485"
"2026","0","0","0","0","0","0","06.Jun","2674","W","0","0","1","0","2808","0","1","1","0","7","0.00","2. Cool ( 7c - 14c)","9.538462","0.098485"
"2027","0","0","0","0","0","0","09.Sep","2675","W","1","0","0","0","3518","22","81","0","13","21","4.242641","3. (Warm 15c- 19c)","20.615385","0.038462"
"2045","0","0","0","0","1","0","05.May","2703","W","0","0","5","7","4957","252","537","13","84","85","0.00","4. Hot  (20c and over)","13.307692","0.473684"
"2049","0","0","0","0","0","0","09.Sep","2710","N","0","0","0","0","5011","36","145","0","0","51","0.00","4. Hot  (20c and over)","12.923077","0.183673"
"2050","0","0","0","0","0","0","08.Aug","2711","N","0","0","1","0","3898","60","268","1","0","51","0.00","2. Cool ( 7c - 14c)","17.230769","0.30"
"2068","0","0","0","0","1","0","06.Jun","2739","W","0","0","4","6","5596","267","425","11","157","129","0.00","2. Cool ( 7c - 14c)","9.538462","0.473684"
"2069","0","0","0","0","0","0","07.Jul","2741","W","0","0","0","0","3138","10","76","0","6","39","0.00","2. Cool ( 7c - 14c)","8.769231","0.098485"
"2075","0","0","0","0","0","0","05.May","2751","W","0","0","0","3","6694","66","488","3","10","162","8.062258","4. Hot  (20c and over)","6.153846","0.05"
"2076","0","0","0","0","0","0","05.May","2753","W","0","0","1","2","5710","259","601","3","63","128","1.414214","4. Hot  (20c and over)","12.923077","0.076923"
"2080","0","0","0","0","0","0","05.May","2758","W","0","0","0","0","3286","20","197","0","11","88","0.00","4. Hot  (20c and over)","7.615385","0.098485"
"2083","0","0","0","0","0","0","10.Oct","2761","N","0","0","0","0","2032","30","98","0","0","38","0.00","4. Hot  (20c and over)","18.076923","0.098485"
"2085","0","0","0","0","0","0","12.Dec","2763","N","0","0","0","0","1205","1","1","0","0","6","0.00","1. Cold (under 7c)","19.153846","0.098485"
"2095","0","0","0","0","0","0","04.Apr","2778","W","0","0","2","2","3362","493","603","4","373","66","0.00","4. Hot  (20c and over)","6.923077","0.129032"
"2103","0","0","0","0","0","0","05.May","2788","W","1","0","1","2","5445","407","759","3","131","88","1.732051","4. Hot  (20c and over)","6.153846","0.425"
"2105","0","0","0","0","0","0","09.Sep","2790","W","0","0","0","0","3778","263","356","0","117","61","0.00","3. (Warm 15c- 19c)","20.615385","0.183673"
"2109","0","0","0","0","0","0","10.Oct","2799","W","0","0","0","0","3071","61","171","0","19","64","0.00","4. Hot  (20c and over)","18.076923","0.029412"
"2111","0","0","0","0","0","0","04.Apr","2804","W","1","0","0","2","5067","1","210","2","0","97","0.00","1. Cold (under 7c)","14.307692","0.038462"
"2122","0","0","0","0","0","0","08.Aug","2817","S","0","0","1","4","2197","151","241","5","109","33","5.567764","1. Cold (under 7c)","15.153846","0.30"
"2124","0","0","0","0","0","0","01.Jan","2823","S","0","0","0","0","471","1","3","0","0","3","0.00","1. Cold (under 7c)","26.307692","0.098485"
"2158","0","0","0","0","0","0","03.Mar","2874","W","0","0","0","0","1594","67","106","0","36","25","0.00","4. Hot  (20c and over)","15.230769","0.087912"
"2161","0","0","0","0","0","0","02.Feb","2881","W","0","0","0","3","1929","0","24","3","0","20","0.00","2. Cool ( 7c - 14c)","20.923077","0.098485"
"2177","0","0","0","0","0","0","05.May","2906","S","0","0","0","0","6367","210","313","0","130","82","7.00","4. Hot  (20c and over)","12.923077","0.4375"
"2211","0","0","0","0","0","0","05.May","2955","S","0","0","2","2","796","133","136","4","127","14","0.00","4. Hot  (20c and over)","6.153846","0.087912"
"2213","0","0","0","0","0","0","10.Oct","2957","W","0","0","2","4","4431","464","574","6","485","72","0.00","2. Cool ( 7c - 14c)","7.153846","0.50"
"2214","0","0","0","0","0","0","09.Sep","2961","W","0","0","0","1","4247","134","458","1","102","83","0.00","4. Hot  (20c and over)","12.538462","0.183673"
"2219","0","0","0","0","0","0","03.Mar","2971","W","0","0","0","0","4969","232","528","0","219","111","0.00","2. Cool ( 7c - 14c)","12.307692","0.111111"
"2220","0","0","0","0","0","0","07.Jul","2973","W","0","0","0","1","4311","131","336","1","47","72","0.00","2. Cool ( 7c - 14c)","8.769231","0.055556"
"2225","0","0","1","0","0","0","10.Oct","2979","W","0","0","0","3","2628","0","40","4","0","23","0.00","4. Hot  (20c and over)","18.692308","0.098485"
"2228","0","0","0","0","0","0","08.Aug","2981","N","1","0","0","4","725","0","0","4","0","3","0.00","2. Cool ( 7c - 14c)","17.153846","0.611111"
"2246","0","0","0","0","0","0","09.Sep","3012","N","0","0","0","0","1439","27","81","0","0","35","0.00","4. Hot  (20c and over)","19.230769","0.098485"
"2249","0","0","0","0","0","0","01.Jan","3016","S","0","0","0","0","1136","0","1","0","0","0","0.00","2. Cool ( 7c - 14c)","13.307692","0.098485"
"2263","0","0","0","0","0","0","07.Jul","3033","W","0","0","0","0","1017","0","31","0","0","16","0.00","2. Cool ( 7c - 14c)","15.692308","0.098485"
"2267","0","0","0","0","0","0","08.Aug","3038","W","0","0","1","2","1767","90","95","3","48","27","0.00","1. Cold (under 7c)","14.846154","0.30"
"2288","0","0","0","0","0","0","07.Jul","3070","W","1","2","0","0","2617","16","137","0","0","49","0.00","2. Cool ( 7c - 14c)","15.692308","0.80"
"2296","0","0","0","0","0","0","04.Apr","3083","W","0","0","0","0","157","0","34","0","0","6","0.00","1. Cold (under 7c)","14.230769","0.098485"
"2307","0","0","0","0","0","0","12.Dec","3100","W","0","0","0","0","562","0","33","0","0","9","0.00","1. Cold (under 7c)","18.00","0.098485"
"2323","0","0","0","0","0","0","07.Jul","3120","S","0","0","0","1","4636","338","366","1","190","63","0.00","2. Cool ( 7c - 14c)","15.692308","0.555556"
"2326","0","0","0","0","0","0","07.Jul","3123","S","0","0","1","0","9443","0","502","1","6","148","0.00","2. Cool ( 7c - 14c)","15.692308","0.098485"
"2356","0","0","0","0","0","0","09.Sep","3181","S","0","0","0","0","0","0","0","0","0","0","0.00","3. (Warm 15c- 19c)","20.615385","0.098485"
"2380","0","0","1","0","1","0","09.Sep","3213","S","0","0","1","4","6529","142","412","7","72","181","0.00","3. (Warm 15c- 19c)","20.615385","0.183673"
"2382","0","1","0","0","1","0","07.Jul","3218","S","0","0","15","14","9433","462","531","31","311","211","0.00","2. Cool ( 7c - 14c)","8.769231","0.473684"
"2408","0","0","0","0","1","0","06.Jun","3255","S","5","0","3","5","7749","485","670","9","138","126","21.142375","2. Cool ( 7c - 14c)","9.538462","0.916667"
"2423","0","0","0","0","0","0","06.Jun","3268","W","0","0","0","0","0","0","8","0","0","0","0.00","1. Cold (under 7c)","9.846154","0.098485"
"2431","0","0","0","0","0","0","09.Sep","3284","E","0","0","0","1","7408","217","575","1","51","114","0.00","4. Hot  (20c and over)","19.230769","0.183673"
"2443","0","1","1","0","0","0","11.Nov","3304","S","3","0","5","9","15089","839","946","16","66","198","24.779023","1. Cold (under 7c)","19.538462","0.916667"
"2447","0","0","1","0","0","0","07.Jul","3309","W","0","0","0","1","4068","0","0","2","0","1","0.00","2. Cool ( 7c - 14c)","8.769231","0.098485"
"2454","0","0","0","0","0","0","02.Feb","3322","E","0","0","2","4","6885","273","754","6","130","153","0.00","1. Cold (under 7c)","22.538462","0.666667"
"2459","0","1","0","0","0","0","10.Oct","3326","E","0","0","3","6","6469","664","928","10","247","126","0.00","4. Hot  (20c and over)","18.076923","0.473684"
"2467","0","0","1","0","0","0","02.Feb","3338","S","2","0","0","0","11217","252","274","1","85","112","11.269428","2. Cool ( 7c - 14c)","7.384615","0.611429"
"2493","0","0","0","0","0","0","10.Oct","3376","S","0","0","1","1","3430","57","207","2","16","39","0.00","2. Cool ( 7c - 14c)","7.692308","0.029412"
"2521","0","0","0","0","7","0","08.Aug","3407","E","1","0","0","1","4939","185","457","8","36","84","0.00","1. Cold (under 7c)","14.384615","0.0625"
"2554","0","0","0","0","0","0","06.Jun","3452","W","0","0","0","0","14298","0","105","0","0","18","0.00","2. Cool ( 7c - 14c)","10.923077","0.098485"
"2557","0","0","0","0","0","0","02.Feb","3458","E","0","0","0","0","2302","0","154","0","0","50","0.00","1. Cold (under 7c)","24.538462","0.098485"
"2558","0","0","0","0","0","0","05.May","3460","E","3","2","0","1","4750","605","992","1","214","125","0.00","4. Hot  (20c and over)","12.923077","0.0625"
"2570","0","0","0","0","0","0","07.Jul","3477","E","1","0","1","2","2470","23","152","3","0","54","0.00","2. Cool ( 7c - 14c)","16.692308","0.0625"
"2576","0","0","0","0","0","0","01.Jan","3483","E","0","5","2","2","3648","203","370","4","0","57","0.00","1. Cold (under 7c)","36.307692","0.25"
"2584","0","0","0","0","0","0","12.Dec","3499","W","0","0","1","1","5023","36","160","2","0","60","0.00","1. Cold (under 7c)","16.230769","0.176471"
"2596","0","0","0","0","0","0","12.Dec","3512","E","0","0","0","1","3585","0","242","1","0","69","0.00","1. Cold (under 7c)","20.076923","0.098485"
"2598","0","0","0","0","0","0","01.Jan","3514","E","0","0","0","0","2728","0","284","0","0","59","0.00","2. Cool ( 7c - 14c)","16.076923","0.098485"
"2600","0","0","0","0","0","0","01.Jan","3521","W","0","0","0","1","1645","43","101","1","31","56","0.00","1. Cold (under 7c)","22.384615","0.214286"
"2613","0","0","1","0","0","0","11.Nov","3548","E","0","0","0","4","5171","0","197","5","0","62","0.00","1. Cold (under 7c)","12.615385","0.098485"
"2620","0","0","0","0","0","0","11.Nov","3566","S","0","1","2","3","3804","131","346","5","16","50","0.00","1. Cold (under 7c)","12.615385","0.714286"
"2628","0","0","0","0","0","0","01.Jan","3587","S","0","0","0","0","762","21","135","0","2","23","0.00","2. Cool ( 7c - 14c)","12.230769","0.098485"
"2636","0","0","0","0","0","0","08.Aug","3596","W","0","0","0","0","1601","0","90","0","0","27","0.00","1. Cold (under 7c)","14.384615","0.098485"
"2638","0","0","0","0","0","0","06.Jun","3599","S","0","0","0","0","9","12","14","0","7","0","0.00","2. Cool ( 7c - 14c)","9.307692","0.098485"
"2647","0","0","0","0","0","0","08.Aug","3612","W","0","0","0","1","3659","0","30","1","0","12","0.00","2. Cool ( 7c - 14c)","15.461538","0.098485"
"2649","0","0","0","0","0","0","06.Jun","3616","E","0","0","0","0","576","0","8","0","0","7","0.00","1. Cold (under 7c)","10.153846","0.098485"
"2657","0","0","0","0","0","0","01.Jan","3627","S","0","0","1","1","2338","396","460","2","220","41","0.00","2. Cool ( 7c - 14c)","12.230769","0.0625"
"2686","0","0","0","0","0","0","01.Jan","3670","E","0","0","1","1","2337","12","173","2","0","41","0.00","2. Cool ( 7c - 14c)","16.076923","0.098485"
"2711","0","0","0","0","0","0","06.Jun","3702","E","0","0","0","0","838","4","29","0","0","5","0.00","2. Cool ( 7c - 14c)","9.307692","0.098485"
"2715","0","0","0","0","0","0","05.May","3709","E","0","0","0","0","1343","26","134","0","0","21","0.00","4. Hot  (20c and over)","10.538462","0.098485"
"2718","0","0","1","0","0","0","10.Oct","3714","E","0","0","0","0","4882","0","4","1","0","4","0.00","1. Cold (under 7c)","8.769231","0.098485"
"2734","0","0","1","0","0","0","05.May","3737","E","0","0","1","1","5827","75","173","3","52","35","0.00","4. Hot  (20c and over)","12.923077","0.4375"
"2739","0","0","0","0","0","0","02.Feb","3744","E","0","0","1","4","1807","16","142","5","0","38","0.00","2. Cool ( 7c - 14c)","7.307692","0.098485"
"2744","0","0","0","0","0","0","02.Feb","3748","E","0","0","0","1","2922","0","103","1","0","44","0.00","2. Cool ( 7c - 14c)","9.769231","0.098485"
"2746","0","0","0","0","1","0","09.Sep","3752","E","0","0","1","4","3867","40","341","6","6","63","0.00","3. (Warm 15c- 19c)","17.846154","0.183673"
"2759","0","0","0","0","0","0","07.Jul","3777","E","0","0","0","0","1158","18","121","0","0","20","0.00","2. Cool ( 7c - 14c)","8.538462","0.098485"
"2763","0","0","0","0","0","0","04.Apr","3782","E","0","0","0","0","889","12","34","0","0","14","0.00","4. Hot  (20c and over)","7.538462","0.098485"
"2766","0","0","0","0","0","0","10.Oct","3792","E","0","0","0","0","450","9","45","0","0","9","0.00","2. Cool ( 7c - 14c)","7.692308","0.098485"
"2783","0","0","0","0","2","0","11.Nov","3815","E","1","4","0","3","2084","72","165","5","0","29","0.00","1. Cold (under 7c)","12.615385","0.0625"
"2786","0","0","0","0","2","0","08.Aug","3823","E","1","0","1","1","1422","9","99","4","0","24","0.00","2. Cool ( 7c - 14c)","15.461538","0.0625"
"2791","0","0","0","0","0","0","05.May","3831","E","0","0","2","2","992","0","76","4","0","14","0.00","4. Hot  (20c and over)","5.615385","0.098485"
"2795","0","0","0","0","0","0","01.Jan","3837","E","0","0","0","0","0","0","1","0","0","0","0.00","1. Cold (under 7c)","22.076923","0.098485"
"2810","0","0","1","0","0","0","11.Nov","3877","E","0","0","0","2","1824","0","85","3","13","18","0.00","1. Cold (under 7c)","28.461538","0.098485"
"2813","0","0","0","0","0","0","06.Jun","3882","S","1","0","1","1","2487","71","145","2","22","39","0.00","1. Cold (under 7c)","12.538462","0.666667"
"2818","0","0","1","0","0","0","06.Jun","3890","S","2","0","1","2","5264","198","428","4","44","100","14.071247","1. Cold (under 7c)","12.00","0.611429"
"2824","0","0","0","0","0","0","11.Nov","3894","S","0","0","1","1","5950","130","566","2","44","159","0.00","1. Cold (under 7c)","20.615385","0.714286"
"2828","0","0","0","0","0","0","04.Apr","3898","S","0","0","0","0","403","12","17","0","9","4","3.162278","4. Hot  (20c and over)","9.769231","0.098485"
"2829","0","0","0","0","0","0","08.Aug","3899","S","0","0","0","1","5866","110","493","1","70","106","1.414214","1. Cold (under 7c)","18.769231","0.30"
"2836","0","0","0","0","0","0","12.Dec","3907","S","0","0","0","0","2915","145","283","0","85","43","12.00","1. Cold (under 7c)","20.615385","0.142857"
"2837","0","0","0","0","0","0","07.Jul","3909","S","0","1","3","4","4115","300","416","7","165","72","17.233688","2. Cool ( 7c - 14c)","12.384615","0.842105"
"2839","0","0","0","0","0","0","04.Apr","3911","S","0","1","0","0","3613","55","376","0","30","54","7.141428","4. Hot  (20c and over)","9.769231","0.129032"
"2840","0","0","0","0","0","0","04.Apr","3913","S","0","0","0","2","2249","50","127","2","20","33","0.00","1. Cold (under 7c)","18.00","0.129032"
"2845","0","0","0","0","0","0","04.Apr","3919","S","0","0","1","1","4059","165","311","2","165","85","0.00","4. Hot  (20c and over)","9.769231","0.129032"
"2860","0","0","0","0","0","0","02.Feb","3934","S","2","0","3","5","4148","524","824","8","116","77","19.157244","2. Cool ( 7c - 14c)","9.384615","0.916667"
"2869","0","0","0","0","0","0","03.Mar","3942","S","0","0","1","1","6605","39","858","2","18","155","6.403124","1. Cold (under 7c)","17.538462","0.409091"
"2870","0","0","0","0","0","0","06.Jun","3943","S","0","0","0","0","7165","78","864","0","30","178","8.306624","1. Cold (under 7c)","12.538462","0.833333"
"2873","0","0","0","0","0","0","10.Oct","3947","S","0","0","0","0","1104","59","186","0","21","16","1.00","2. Cool ( 7c - 14c)","7.615385","0.087912"
"2875","0","0","0","0","0","0","06.Jun","3949","S","0","0","0","0","1279","1","164","0","1","28","0.00","1. Cold (under 7c)","12.538462","0.098485"
"2878","0","0","0","0","0","0","08.Aug","3952","S","0","0","0","0","716","0","7","0","0","10","0.00","2. Cool ( 7c - 14c)","17.692308","0.098485"
"2881","0","0","1","0","1","0","05.May","3957","S","0","1","6","8","3508","50","181","16","6","61","0.00","4. Hot  (20c and over)","16.769231","0.153846"
"2910","0","0","0","0","0","0","10.Oct","3980","S","1","0","1","5","2649","345","451","6","94","31","13.56466","4. Hot  (20c and over)","19.769231","0.611429"
"2922","0","0","0","0","0","0","06.Jun","3989","S","0","0","0","0","3477","46","373","0","19","58","6.708204","1. Cold (under 7c)","12.00","0.50"
"2933","0","0","0","0","0","0","10.Oct","4002","S","2","3","0","1","3155","251","278","1","128","46","15.84298","4. Hot  (20c and over)","19.769231","0.611429"
"2944","0","0","0","0","0","0","02.Feb","4008","S","2","0","1","1","4027","293","555","2","103","53","16.613248","1. Cold (under 7c)","24.538462","0.611429"
"2948","0","0","0","0","0","0","07.Jul","4010","S","1","0","0","0","4810","392","499","0","241","48","19.748418","2. Cool ( 7c - 14c)","12.384615","0.916667"
"2961","0","0","0","0","0","0","07.Jul","4014","S","0","0","1","3","3669","177","402","4","57","55","13.601471","2. Cool ( 7c - 14c)","17.384615","0.20"
"2964","0","1","1","0","1","0","01.Jan","4017","S","3","0","2","2","5229","416","747","7","207","104","20.00","2. Cool ( 7c - 14c)","14.846154","0.916667"
"2969","0","2","0","0","0","0","05.May","4017","S","3","1","1","6","5229","416","747","9","207","104","20.00","4. Hot  (20c and over)","8.615385","0.916667"
"2971","0","4","0","0","2","0","07.Jul","4018","S","1","0","4","4","4443","409","658","14","155","54","19.209373","2. Cool ( 7c - 14c)","17.384615","0.916667"
"2979","0","2","2","0","1","0","04.Apr","4022","S","4","2","3","13","6125","473","927","26","31","116","20.880613","4. Hot  (20c and over)","9.769231","0.916667"
"2984","1","1","1","0","1","0","01.Jan","4024","S","1","1","0","4","5383","783","1084","7","102","85","3.162278","2. Cool ( 7c - 14c)","14.846154","0.727273"
"2986","0","0","0","0","0","0","09.Sep","4025","S","4","0","0","1","5059","717","1200","1","113","98","7.28011","3. (Warm 15c- 19c)","21.769231","0.611429"
"2997","0","0","0","0","0","0","09.Sep","4033","S","0","0","0","0","3291","46","106","0","5","48","1.732051","3. (Warm 15c- 19c)","21.769231","0.183673"
"3000","0","0","0","0","0","0","12.Dec","4037","S","0","0","2","3","2054","51","177","5","17","37","0.00","1. Cold (under 7c)","20.615385","0.176471"
"3023","0","1","0","0","0","0","11.Nov","4061","S","1","0","0","0","1459","78","113","1","47","10","7.416198","1. Cold (under 7c)","20.615385","0.611429"
"3042","0","0","0","1","0","0","06.Jun","4069","S","0","0","3","5","5081","702","777","8","289","57","26.627054","1. Cold (under 7c)","12.00","0.916667"
"3060","0","0","0","0","0","0","05.May","4080","S","0","0","1","2","4889","157","488","3","67","74","11.18034","4. Hot  (20c and over)","8.615385","0.0625"
"3076","0","0","0","0","0","0","07.Jul","4098","S","0","0","1","4","3741","65","328","5","5","93","0.00","2. Cool ( 7c - 14c)","12.384615","0.555556"
"3079","0","0","0","0","0","0","08.Aug","4100","S","0","0","0","2","1919","236","466","2","119","29","0.00","1. Cold (under 7c)","18.769231","0.30"
"3083","0","0","0","0","0","0","06.Jun","4106","S","0","0","2","2","4335","89","268","4","34","102","0.00","1. Cold (under 7c)","12.538462","0.50"
"3085","0","0","0","0","0","0","08.Aug","4109","S","0","0","2","4","793","0","88","6","2","14","0.00","1. Cold (under 7c)","18.769231","0.098485"
"3089","0","0","0","0","0","0","04.Apr","4111","S","0","0","1","1","4860","81","378","2","30","121","0.00","4. Hot  (20c and over)","9.769231","0.833333"
"3143","0","0","0","0","0","0","02.Feb","4163","S","0","0","1","1","5547","91","548","2","29","137","0.00","2. Cool ( 7c - 14c)","9.384615","0.90"
"3144","0","0","0","0","0","0","04.Apr","4164","S","1","1","2","2","4539","156","406","4","32","92","10.86278","4. Hot  (20c and over)","9.769231","0.611429"
"3175","0","0","0","0","0","0","03.Mar","4210","S","4","0","1","10","4308","448","628","11","112","65","21.00","1. Cold (under 7c)","17.538462","0.916667"
"3178","0","0","0","0","0","0","07.Jul","4210","S","6","0","1","10","4308","448","628","11","112","65","21.00","2. Cool ( 7c - 14c)","17.384615","0.916667"
"3187","0","1","2","0","2","0","05.May","4214","S","2","1","4","5","5839","698","906","14","123","77","26.589472","4. Hot  (20c and over)","16.769231","0.916667"
"3206","0","2","0","1","0","0","12.Dec","4240","S","0","1","1","5","6652","310","468","8","167","116","0.00","1. Cold (under 7c)","20.615385","0.176471"
"3219","0","0","0","0","0","0","12.Dec","4258","S","1","0","1","2","4088","627","858","3","527","72","0.00","1. Cold (under 7c)","20.615385","0.425"
"3224","0","0","1","0","0","0","03.Mar","4265","S","0","0","1","3","4275","592","622","5","592","71","0.00","1. Cold (under 7c)","17.538462","0.409091"
"3234","0","0","0","0","0","0","11.Nov","4278","S","0","0","2","2","1674","98","249","4","41","42","0.00","1. Cold (under 7c)","20.615385","0.714286"
"3239","0","0","0","0","0","0","02.Feb","4287","S","0","1","0","0","3850","0","150","0","0","81","0.00","1. Cold (under 7c)","24.538462","0.098485"
"3242","0","0","0","0","0","0","03.Mar","4293","S","0","0","3","5","5144","430","672","8","63","111","0.00","1. Cold (under 7c)","17.538462","0.409091"
"3269","0","0","0","0","0","0","03.Mar","4323","S","0","0","0","0","3594","21","132","0","2","51","4.242641","1. Cold (under 7c)","17.538462","0.098485"
"3276","0","0","0","0","0","0","10.Oct","4326","S","0","0","1","0","2309","0","71","1","0","29","0.00","4. Hot  (20c and over)","19.769231","0.098485"
"3281","0","0","0","0","0","0","08.Aug","4332","S","0","0","0","0","2379","0","176","0","0","47","0.00","2. Cool ( 7c - 14c)","17.692308","0.098485"
"3307","0","0","0","0","0","0","02.Feb","4365","S","0","0","0","0","1044","0","0","0","0","14","0.00","2. Cool ( 7c - 14c)","9.384615","0.098485"
"3327","0","0","0","0","0","0","07.Jul","4383","S","2","0","2","3","5301","350","552","5","83","93","18.681542","2. Cool ( 7c - 14c)","17.384615","0.916667"
"3343","1","0","0","0","0","0","11.Nov","4400","S","0","3","1","2","4829","0","357","3","5","101","0.00","1. Cold (under 7c)","20.615385","0.098485"
"3349","0","1","0","0","1","0","07.Jul","4415","S","0","4","3","5","3863","75","255","10","42","45","0.00","2. Cool ( 7c - 14c)","17.384615","0.153846"
"3350","1","0","0","0","0","0","01.Jan","4417","S","7","0","2","6","5843","292","672","8","132","120","0.00","2. Cool ( 7c - 14c)","14.846154","0.84"
"3377","0","0","0","0","0","0","12.Dec","4455","S","0","0","0","0","3475","0","123","0","1","50","0.00","1. Cold (under 7c)","20.615385","0.098485"
"3386","0","0","0","0","0","0","06.Jun","4470","S","3","1","0","0","6103","126","451","0","73","110","0.00","1. Cold (under 7c)","12.538462","0.666667"
"3410","0","0","0","0","0","0","07.Jul","4503","S","0","0","0","0","6179","238","701","0","61","123","0.00","2. Cool ( 7c - 14c)","17.384615","0.555556"
"3411","0","0","0","0","0","0","01.Jan","4503","S","0","0","2","2","6179","238","701","4","61","123","0.00","1. Cold (under 7c)","29.769231","0.0625"
"3412","0","0","0","0","0","0","03.Mar","4505","S","0","0","0","3","3414","43","362","3","38","47","6.557439","4. Hot  (20c and over)","18.461538","0.409091"
"3418","0","0","0","0","0","0","01.Jan","4515","S","0","0","2","3","3536","52","96","5","42","27","6.855655","2. Cool ( 7c - 14c)","14.846154","0.75"
"3419","0","0","0","0","0","0","07.Jul","4516","S","0","0","3","3","5351","200","538","6","128","87","1.00","2. Cool ( 7c - 14c)","12.384615","0.555556"
"3422","0","0","0","0","0","0","07.Jul","4521","S","1","0","0","4","5944","36","231","4","3","101","2.236068","2. Cool ( 7c - 14c)","17.384615","0.611111"
"3433","0","0","0","0","0","0","10.Oct","4539","S","2","3","1","1","3836","165","289","2","26","67","10.583005","2. Cool ( 7c - 14c)","7.615385","0.611429"
"3446","0","0","0","0","1","0","05.May","4557","S","0","0","1","4","3578","260","456","6","176","54","12.961481","4. Hot  (20c and over)","16.769231","0.0625"
"3447","0","6","0","0","0","0","09.Sep","4558","S","1","0","2","1","4576","455","574","9","167","45","16.822604","4. Hot  (20c and over)","12.461538","0.611429"
"3470","0","0","0","0","0","0","02.Feb","4574","S","1","0","0","0","883","0","1","0","0","5","0.00","2. Cool ( 7c - 14c)","9.384615","0.038462"
"3478","0","0","0","0","0","0","12.Dec","4589","S","0","0","1","1","3419","0","61","2","14","49","0.00","1. Cold (under 7c)","20.615385","0.098485"
"3502","0","0","0","0","0","0","02.Feb","4622","S","0","0","2","2","83","0","8","4","0","0","0.00","2. Cool ( 7c - 14c)","9.384615","0.098485"
"3508","0","0","0","0","0","0","09.Sep","4631","S","1","0","0","3","1625","0","51","3","0","36","0.00","3. (Warm 15c- 19c)","21.769231","0.038462"
"3513","0","0","0","0","0","0","06.Jun","4638","S","1","0","1","2","2500","196","368","3","133","53","5.291503","1. Cold (under 7c)","12.538462","0.425"
"3529","0","0","0","0","0","0","05.May","4658","S","0","0","0","0","2086","27","194","0","13","40","0.00","4. Hot  (20c and over)","8.615385","0.098485"
"3530","0","0","0","0","0","0","06.Jun","4659","S","0","0","5","5","4458","28","512","10","13","98","0.00","1. Cold (under 7c)","12.538462","0.153846"
"3542","0","0","0","0","0","0","04.Apr","4675","S","0","0","2","3","1363","24","69","5","9","19","0.00","1. Cold (under 7c)","18.00","0.098485"
"3543","0","0","0","0","0","0","05.May","4678","S","0","0","0","0","3868","83","362","0","64","75","0.00","4. Hot  (20c and over)","8.615385","0.4375"
"3549","0","0","0","0","1","0","10.Oct","4687","S","0","0","1","1","715","25","48","3","16","9","0.00","4. Hot  (20c and over)","19.769231","0.098485"
"3574","0","0","0","0","0","0","05.May","4722","S","0","0","0","0","882","0","43","0","0","11","0.00","4. Hot  (20c and over)","8.615385","0.098485"
"3584","0","0","0","0","0","0","09.Sep","4741","S","0","0","0","0","2352","7","376","0","0","64","0.00","3. (Warm 15c- 19c)","21.769231","0.098485"
"3586","0","0","0","0","0","0","12.Dec","4743","S","0","0","0","0","4170","80","180","0","20","91","7.937254","1. Cold (under 7c)","20.615385","0.142857"
"3605","0","0","0","0","0","0","04.Apr","4776","E","0","0","0","0","8180","0","372","0","0","206","0.00","1. Cold (under 7c)","13.846154","0.098485"
"3612","0","0","0","0","0","0","10.Oct","4790","E","0","0","0","0","1968","0","1","0","0","0","0.00","1. Cold (under 7c)","8.692308","0.098485"
"3615","0","0","0","0","0","0","04.Apr","4795","E","0","0","0","0","3208","37","283","0","0","69","0.00","4. Hot  (20c and over)","9.923077","0.129032"
"3620","0","0","0","0","0","0","03.Mar","4803","E","1","0","2","0","569","0","41","2","0","8","0.00","4. Hot  (20c and over)","17.846154","0.0625"
"3627","0","0","0","0","0","0","01.Jan","4811","E","0","2","0","0","1174","5","16","0","0","12","0.00","2. Cool ( 7c - 14c)","15.769231","0.098485"
"3649","0","0","0","0","2","0","09.Sep","4841","E","0","3","1","5","3309","139","320","8","40","38","0.00","3. (Warm 15c- 19c)","16.384615","0.183673"
"3655","0","0","0","0","0","0","10.Oct","4858","E","0","0","0","0","1485","37","96","0","14","20","0.00","4. Hot  (20c and over)","16.076923","0.087912"
